{"cameraMode":{"drawMode":0,"name":"Shaded","section":"Shading Mode"},"sceneLighting":true,"audioPlay":false,"sceneViewState":{"showFog":true,"showMaterialUpdate":false,"showSkybox":true,"showFlares":true,"showImageEffects":true,"showParticleSystems":true},"in2DMode":false,"pivot":{"x":-21.16865348815918,"y":-2.2292165756225588,"z":-7.816994667053223},"rotation":{"x":-0.045710451900959018,"y":0.8090574741363525,"z":-0.06348619610071182,"w":-0.5825093388557434},"size":13.284714698791504,"orthographic":false}