{"cameraMode":{"drawMode":0,"name":"Shaded","section":"Shading Mode"},"sceneLighting":true,"audioPlay":false,"sceneViewState":{"showFog":true,"showMaterialUpdate":false,"showSkybox":true,"showFlares":true,"showImageEffects":true,"showParticleSystems":true},"in2DMode":false,"pivot":{"x":-21.55720329284668,"y":0.19872593879699708,"z":-0.8458017110824585},"rotation":{"x":-0.027004648000001909,"y":0.7259891033172607,"z":-0.028551993891596795,"w":-0.686589777469635},"size":12.391610145568848,"orthographic":false}